epoch,time,train/box_loss,train/cls_loss,train/l1_loss,metrics/precision(B),metrics/recall(B),metrics/mAP50(B),metrics/mAP50-95(B),val/box_loss,val/cls_loss,val/l1_loss,lr/pg0,lr/pg1,lr/pg2,lr/pg3,lr/pg4,lr/pg5,lr/pg6,lr/pg7
1,354.087,2.09946,3.80972,0.01629,0.40836,0.32003,0.2781,0.11873,1.94672,2.4243,0.01861,0.00999519,0.00333173,0.00999519,0.00333173,0.00999519,0.00333173,0.00999519,0.00333173
2,826.156,2.05618,2.61048,0.01601,0.39821,0.31369,0.27412,0.11217,2.0174,2.43343,0.0202,0.0195993,0.0065331,0.0195993,0.0065331,0.0195993,0.0065331,0.0195993,0.0065331
3,1249.56,2.11918,2.72678,0.01681,0.36762,0.29852,0.24149,0.09337,2.04611,2.74847,0.02073,0.0288074,0.00960246,0.0288074,0.00960246,0.0288074,0.00960246,0.0288074,0.00960246
4,1571.54,2.12672,2.79462,0.01719,0.41233,0.34064,0.30541,0.1255,2.00591,2.50438,0.0201,0.028218,0.009406,0.028218,0.009406,0.028218,0.009406,0.028218,0.009406
5,1894.77,2.07605,2.66069,0.01646,0.43434,0.37461,0.33684,0.13996,1.95205,2.35536,0.01964,0.027624,0.009208,0.027624,0.009208,0.027624,0.009208,0.027624,0.009208
6,2205.64,2.05491,2.58423,0.01612,0.46284,0.36438,0.34634,0.15075,1.93238,2.28652,0.01938,0.02703,0.00901,0.02703,0.00901,0.02703,0.00901,0.02703,0.00901
7,2675.1,2.01239,2.4955,0.0157,0.49219,0.42223,0.4003,0.17976,1.88368,2.1619,0.01864,0.026436,0.008812,0.026436,0.008812,0.026436,0.008812,0.026436,0.008812
8,3018.18,1.99887,2.44495,0.01549,0.49628,0.42179,0.40535,0.18204,1.85799,2.09566,0.01813,0.025842,0.008614,0.025842,0.008614,0.025842,0.008614,0.025842,0.008614
9,3483.7,1.98272,2.37704,0.0152,0.5149,0.42633,0.41842,0.18824,1.86651,2.07179,0.01855,0.025248,0.008416,0.025248,0.008416,0.025248,0.008416,0.025248,0.008416
10,3873.7,1.95669,2.31292,0.01489,0.53266,0.43226,0.44425,0.20184,1.84343,2.00255,0.01814,0.024654,0.008218,0.024654,0.008218,0.024654,0.008218,0.024654,0.008218
11,4216.67,1.95763,2.27342,0.01498,0.53225,0.44985,0.45249,0.21094,1.82232,1.9637,0.01781,0.02406,0.00802,0.02406,0.00802,0.02406,0.00802,0.02406,0.00802
12,4528.32,1.94322,2.2608,0.01472,0.54808,0.44658,0.45854,0.2148,1.8226,1.94362,0.01754,0.023466,0.007822,0.023466,0.007822,0.023466,0.007822,0.023466,0.007822
13,4992.04,1.9289,2.23207,0.01454,0.55305,0.4697,0.47892,0.22343,1.80892,1.8698,0.01728,0.022872,0.007624,0.022872,0.007624,0.022872,0.007624,0.022872,0.007624
14,5293.95,1.90567,2.18759,0.01435,0.57853,0.47359,0.49269,0.2323,1.77334,1.89155,0.017,0.022278,0.007426,0.022278,0.007426,0.022278,0.007426,0.022278,0.007426
15,5696.02,1.91293,2.18449,0.01449,0.57085,0.48129,0.50167,0.23755,1.76984,1.83873,0.0169,0.021684,0.007228,0.021684,0.007228,0.021684,0.007228,0.021684,0.007228
16,6136.85,1.89915,2.14602,0.01419,0.58169,0.47709,0.50842,0.24672,1.76188,1.80298,0.01676,0.02109,0.00703,0.02109,0.00703,0.02109,0.00703,0.02109,0.00703
17,6680.84,1.88945,2.10723,0.01401,0.57283,0.49198,0.51196,0.25277,1.76136,1.756,0.01669,0.020496,0.006832,0.020496,0.006832,0.020496,0.006832,0.020496,0.006832
18,7186.07,1.86856,2.10071,0.01387,0.59013,0.50358,0.52676,0.25759,1.74658,1.78339,0.01645,0.019902,0.006634,0.019902,0.006634,0.019902,0.006634,0.019902,0.006634
19,7625.5,1.86761,2.05925,0.01395,0.58123,0.50825,0.52856,0.26002,1.74927,1.73106,0.01626,0.019308,0.006436,0.019308,0.006436,0.019308,0.006436,0.019308,0.006436
20,8053.48,1.85605,2.03811,0.01358,0.6,0.515,0.54054,0.26825,1.72642,1.71225,0.01617,0.018714,0.006238,0.018714,0.006238,0.018714,0.006238,0.018714,0.006238
21,8354.58,1.8515,2.01697,0.0138,0.60695,0.51822,0.55274,0.27191,1.72193,1.69778,0.01611,0.01812,0.00604,0.01812,0.00604,0.01812,0.00604,0.01812,0.00604
22,8655.8,1.84563,1.9963,0.01356,0.61427,0.52639,0.55659,0.27724,1.71643,1.6727,0.0159,0.017526,0.005842,0.017526,0.005842,0.017526,0.005842,0.017526,0.005842
23,9190.95,1.82716,1.98345,0.0134,0.62442,0.51368,0.55641,0.28039,1.69883,1.66135,0.01563,0.016932,0.005644,0.016932,0.005644,0.016932,0.005644,0.016932,0.005644
24,9714.8,1.81711,1.94941,0.01331,0.60937,0.53206,0.56215,0.28003,1.70492,1.65394,0.01576,0.016338,0.005446,0.016338,0.005446,0.016338,0.005446,0.016338,0.005446
25,10116.4,1.81171,1.92062,0.01327,0.62104,0.53244,0.569,0.28514,1.70802,1.6224,0.01578,0.015744,0.005248,0.015744,0.005248,0.015744,0.005248,0.015744,0.005248
26,10473.3,1.8167,1.91523,0.0132,0.62411,0.53457,0.57316,0.28724,1.69954,1.6196,0.01566,0.01515,0.00505,0.01515,0.00505,0.01515,0.00505,0.01515,0.00505
27,10773.8,1.79731,1.8872,0.013,0.62185,0.54042,0.57734,0.29234,1.70399,1.58633,0.01569,0.014556,0.004852,0.014556,0.004852,0.014556,0.004852,0.014556,0.004852
28,11075.2,1.79426,1.87239,0.01295,0.64717,0.52785,0.58155,0.2935,1.70434,1.57121,0.01562,0.013962,0.004654,0.013962,0.004654,0.013962,0.004654,0.013962,0.004654
29,11377.8,1.78239,1.85906,0.0129,0.63993,0.53701,0.58264,0.29691,1.69879,1.57742,0.0156,0.013368,0.004456,0.013368,0.004456,0.013368,0.004456,0.013368,0.004456
30,11679.7,1.77444,1.83708,0.01278,0.64522,0.54295,0.58411,0.29497,1.6948,1.57501,0.01549,0.012774,0.004258,0.012774,0.004258,0.012774,0.004258,0.012774,0.004258
31,11981.9,1.7676,1.81889,0.01265,0.63808,0.54666,0.58593,0.29712,1.69996,1.55142,0.01547,0.01218,0.00406,0.01218,0.00406,0.01218,0.00406,0.01218,0.00406
32,12283.1,1.76016,1.79081,0.01259,0.65226,0.53886,0.58628,0.29929,1.69331,1.54669,0.01543,0.011586,0.003862,0.011586,0.003862,0.011586,0.003862,0.011586,0.003862
33,12584.9,1.75638,1.76642,0.01257,0.65193,0.54547,0.58915,0.30211,1.69386,1.5426,0.01542,0.010992,0.003664,0.010992,0.003664,0.010992,0.003664,0.010992,0.003664
34,12884.8,1.74429,1.75483,0.01233,0.64898,0.55193,0.59103,0.30407,1.68908,1.54298,0.01539,0.010398,0.003466,0.010398,0.003466,0.010398,0.003466,0.010398,0.003466
35,13188.2,1.73579,1.73816,0.01235,0.65214,0.55305,0.59358,0.30507,1.68661,1.53583,0.01532,0.009804,0.003268,0.009804,0.003268,0.009804,0.003268,0.009804,0.003268
36,13490.3,1.72373,1.71931,0.01224,0.64104,0.55629,0.59411,0.30546,1.69382,1.52304,0.01548,0.00921,0.00307,0.00921,0.00307,0.00921,0.00307,0.00921,0.00307
37,13791.4,1.72233,1.67532,0.01212,0.65053,0.54791,0.59535,0.30499,1.69504,1.51307,0.01542,0.008616,0.002872,0.008616,0.002872,0.008616,0.002872,0.008616,0.002872
38,14091.9,1.71664,1.66891,0.01203,0.64578,0.55886,0.59616,0.30728,1.69291,1.50681,0.01538,0.008022,0.002674,0.008022,0.002674,0.008022,0.002674,0.008022,0.002674
39,14394.9,1.70279,1.64122,0.01196,0.64967,0.55199,0.59597,0.30791,1.6925,1.50484,0.0154,0.007428,0.002476,0.007428,0.002476,0.007428,0.002476,0.007428,0.002476
40,14695.6,1.6905,1.63083,0.01168,0.6535,0.56019,0.60035,0.30828,1.69517,1.49868,0.01542,0.006834,0.002278,0.006834,0.002278,0.006834,0.002278,0.006834,0.002278
41,15011.1,1.66006,1.43365,0.01396,0.65972,0.55588,0.5997,0.30804,1.69796,1.50337,0.01539,0.00624,0.00208,0.00624,0.00208,0.00624,0.00208,0.00624,0.00208
42,15321.5,1.63692,1.39887,0.01364,0.66849,0.55126,0.60158,0.30857,1.70244,1.51225,0.01542,0.005646,0.001882,0.005646,0.001882,0.005646,0.001882,0.005646,0.001882
43,15635,1.62891,1.35904,0.01352,0.66711,0.55526,0.60113,0.30703,1.7079,1.5152,0.01554,0.005052,0.001684,0.005052,0.001684,0.005052,0.001684,0.005052,0.001684
44,15945.1,1.6147,1.32233,0.01324,0.6655,0.55579,0.59996,0.30677,1.71293,1.50855,0.01554,0.004458,0.001486,0.004458,0.001486,0.004458,0.001486,0.004458,0.001486
45,16254.7,1.604,1.29371,0.01321,0.67434,0.55123,0.59954,0.30566,1.71806,1.51093,0.01561,0.003864,0.001288,0.003864,0.001288,0.003864,0.001288,0.003864,0.001288
46,16565,1.58796,1.26724,0.01302,0.67102,0.55147,0.59727,0.30588,1.71699,1.51895,0.01559,0.00327,0.00109,0.00327,0.00109,0.00327,0.00109,0.00327,0.00109
47,16875.1,1.5774,1.25178,0.01285,0.66926,0.55404,0.59713,0.30459,1.72092,1.51799,0.01564,0.002676,0.000892,0.002676,0.000892,0.002676,0.000892,0.002676,0.000892
48,17185.4,1.56237,1.22974,0.01264,0.66406,0.55749,0.59603,0.3041,1.72571,1.51876,0.01571,0.002082,0.000694,0.002082,0.000694,0.002082,0.000694,0.002082,0.000694
49,17495.7,1.55188,1.20924,0.01261,0.66016,0.55868,0.59604,0.30413,1.72839,1.517,0.01572,0.001488,0.000496,0.001488,0.000496,0.001488,0.000496,0.001488,0.000496
50,17805.1,1.55319,1.1973,0.01256,0.66513,0.55536,0.59483,0.30361,1.73162,1.5191,0.01575,0.000894,0.000298,0.000894,0.000298,0.000894,0.000298,0.000894,0.000298
